{"yearStart":1962,"yearEnd":2016,"factor":1000000,"data":[586928.571428571,618422.222222222,662167.597765363,712216.86746988,782162.790697675,837574.468085106,899666.666666667,982032.085561497,1051876.34408602,1117936.17021277,1220534.39153439,1357497.23756906,1488171.27071823,1613262.13592233,1787461.53846154,2025831.68316832,2282318.4079602,2571571.42857143,2800668.2464455,3140004.62962963,3314413.33333333,3545456.14035088,3961883.72093023,4262810.81081081,4543036.69724771,4781033.33333333,5167067.96116505,5579234.14634146,5910344.33962264,6102423.96313364,6425716.27906977,6808628.01932367,7200748.76847291,7578710,7961653.06122449,8471513.22751323,8932205.40540541,9507497.20670391,10164488.6363636,10584352.2727273,10869697.2972973,11308371.7277487,12067584.2105263,12874776.0416667,13685824.742268,14286314.1361257,14765069.3069307,14416709.0163934,14773841.8803419,15397688.034188,16004303.1674208,16608879.8076923,17271374.3842365,17983622.0095694,18776840.3755869]}